<?xml version="1.0" encoding="UTF-8"?>
<refentry version="5.0-subset Scilab" xml:id="btkAppendPoint" xml:lang="en"
          xmlns="http://docbook.org/ns/docbook"
          xmlns:xlink="http://www.w3.org/1999/xlink"
          xmlns:svg="http://www.w3.org/2000/svg"
          xmlns:ns3="http://www.w3.org/1999/xhtml"
          xmlns:mml="http://www.w3.org/1998/Math/MathML"
          xmlns:db="http://docbook.org/ns/docbook">
  <info>
    <pubdate>$LastChangedDate$</pubdate>
  </info>
  <refnamediv>
    <refname>btkAppendPoint</refname>
    <refpurpose>Append a new point into the acquisition</refpurpose>
  </refnamediv>
  <refsynopsisdiv>
    <title>Calling Sequence</title>
    <synopsis>btkAppendPoint(h, type, label, values, [residuals, [description]])
points = btkAppendPoint(h, type, label, values, [residuals, [description]])
[points, pointsInfo] = btkAppendPoint(h, type, label, values, [residuals, [description]])</synopsis>
  </refsynopsisdiv>
  <refsection>
    <title>Parameters</title>
    <variablelist>
      <varlistentry>
        <term>h</term>
        <listitem><para>The handle used to represent an acquisition.</para></listitem>
      </varlistentry>
      <varlistentry>
        <term>type</term>
        <listitem><para>A non empty string containing the type of the point (Angle, Marker, Force, Moment, Power)</para></listitem>
      </varlistentry>
      <varlistentry>
        <term>label</term>
        <listitem><para>A non empty string to represent the label of the point.</para></listitem>
      </varlistentry>
      <varlistentry>
        <term>values</term>
        <listitem><para>A matrix (<literal>n</literal>,3) where <literal>n</literal> corresponds to the number of frames in the acquisition.</para></listitem>
      </varlistentry>
      <varlistentry>
        <term>residuals</term>
        <listitem><para>A matrix (<literal>n</literal>,1) corresponding to the residuals of the 3D reconstruction of the marker. Note: This parameter is an informational parameter and is not used in some commercial softwares.</para></listitem>
      </varlistentry>
      <varlistentry>
        <term>description</term>
        <listitem><para>A string containing the description of the point.</para></listitem>
      </varlistentry>
    </variablelist>
  </refsection>
  <refsection>
    <title>Description</title>
    <para>Insert or set a point into the acquisition.</para>
    <para>The format of the outputs <literal>points</literal> and <literal>pointsInfo</literal> are structures presented in details in the function <link linkend="btkGetPoints">btkGetPoints</link>.</para>
    <para>The acquisition is represented by the handle <literal>h</literal>. This handle is obtained  by the use of a btk* function.</para>
  </refsection>
  <refsection>
    <title>Examples</title>
    <programlisting role="example">btkAppendPoint(h, 'Marker', 'RKNE', zeros(100,3))
points = btkAppendPoint(h, 'Angle', 'RightKneeAngle', values)</programlisting>
  </refsection>
  <refsection>
    <title>See Also</title>
    <simplelist type="inline">
      <member>
        <link linkend="btkGetPoints">btkGetPoints</link>
      </member>
      <member>
        <link linkend="btkRemovePoint">btkRemovePoint</link>
      </member>
      <member>
        <link linkend="btkSetPoint">btkSetPoint</link>
      </member>
    </simplelist>
  </refsection>
</refentry>
