<?xml version="1.0" encoding="UTF-8"?>
<refentry version="5.0-subset Scilab" xml:id="btkAppendAnalysisParameter" xml:lang="en"
          xmlns="http://docbook.org/ns/docbook"
          xmlns:xlink="http://www.w3.org/1999/xlink"
          xmlns:svg="http://www.w3.org/2000/svg"
          xmlns:ns3="http://www.w3.org/1999/xhtml"
          xmlns:mml="http://www.w3.org/1998/Math/MathML"
          xmlns:db="http://docbook.org/ns/docbook">
  <info>
    <pubdate>$LastChangedDate$</pubdate>
  </info>
  <refnamediv>
    <refname>btkAppendAnalysisParameter</refname>
    <refpurpose>Insert or set a parameter in the analysis</refpurpose>
  </refnamediv>
  <refsynopsisdiv>
    <title>Calling Sequence</title>
    <synopsis>btkAppendAnalysisParameter(h, name, context, unit, value, [subject, [description]])
analysis = btkAppendAnalysisParameter(h, name, context, unit, value, [subject, [description]])
[analysis, analysisInfo] = btkAppendAnalysisParameter(h, name, context, unit, value, [subject, [description]])</synopsis>
  </refsynopsisdiv>
  <refsection>
    <title>Parameters</title>
    <variablelist>
      <varlistentry>
        <term>h</term>
        <listitem><para>The handle used to represent an acquisition.</para></listitem>
      </varlistentry>
      <varlistentry>
        <term>name</term>
        <listitem><para>A non empty string to represent the name of the parameter.</para></listitem>
      </varlistentry>
      <varlistentry>
        <term>context</term>
        <listitem><para>A non empty string to represent the context of the parameter.</para></listitem>
      </varlistentry>
      <varlistentry>
        <term>unit</term>
        <listitem><para>A non empty string to represent the unit of the parameter.</para></listitem>
      </varlistentry>
      <varlistentry>
        <term>value</term>
        <listitem><para>A real to represent the value of the parameter.</para></listitem>
      </varlistentry>
      <varlistentry>
        <term>subject</term>
        <listitem><para>An optional empty string containing the subject's name.</para></listitem>
      </varlistentry>
      <varlistentry>
        <term>description</term>
        <listitem><para>An optional empty string containing a description of the parameter.</para></listitem>
      </varlistentry>
    </variablelist>
  </refsection>
  <refsection>
    <title>Description</title>
    <para>Insert or set a parameter designed by its name and context. The format of the outputs <literal>analysis</literal> and <literal>analysisInfo</literal> are structures presented in details in the function <link linkend="btkGetAnalysis">btkGetAnalysis</link>.</para>
    <para>The acquisition is represented by the handle <literal>h</literal>. This handle is obtained  by the use of a btk* function.</para>
  </refsection>
  <refsection>
    <title>Examples</title>
    <programlisting role="example">btkAppendAnalysisParameter(h, 'LowerLimbLength', 'Left', 'm',  1.5)
analysis = btkAppendAnalysisParameter(h, 'LowerLimbLength', 'Left', 'm',  1.5)</programlisting>
  </refsection>
  <refsection>
    <title>See Also</title>
    <simplelist type="inline">
      <member>
        <link linkend="btkClearAnalysis">btkClearAnalysis</link>
      </member>
      <member>
        <link linkend="btkGetAnalysis">btkGetAnalysis</link>
      </member>
      <member>
        <link linkend="btkRemoveAnalysisParameter">btkRemoveAnalysisParameter</link>
      </member>
    </simplelist>
  </refsection>
</refentry>
