<?xml version="1.0" encoding="UTF-8"?>
<refentry version="5.0-subset Scilab" xml:id="btkClearAnalysis" xml:lang="en"
          xmlns="http://docbook.org/ns/docbook"
          xmlns:xlink="http://www.w3.org/1999/xlink"
          xmlns:svg="http://www.w3.org/2000/svg"
          xmlns:ns3="http://www.w3.org/1999/xhtml"
          xmlns:mml="http://www.w3.org/1998/Math/MathML"
          xmlns:db="http://docbook.org/ns/docbook">
  <info>
    <pubdate>$LastChangedDate$</pubdate>
  </info>
  <refnamediv>
    <refname>btkClearAnalysis</refname>
    <refpurpose>Clear the content of the metadata ANALYSIS</refpurpose>
  </refnamediv>
  <refsynopsisdiv>
    <title>Calling Sequence</title>
    <synopsis>btkClearAnalysis(h)</synopsis>
  </refsynopsisdiv>
  <refsection>
    <title>Parameters</title>
    <variablelist>
      <varlistentry>
        <term>h</term>
        <listitem><para>The handle used to represent an acquisition.</para></listitem>
      </varlistentry>
    </variablelist>
  </refsection>
  <refsection>
    <title>Description</title>
    <para>Clear the following children of the metadata ANALYSIS:
    <itemizedlist>
      <listitem>NAMES</listitem>
      <listitem>CONTEXTS</listitem>
      <listitem>SUBJECTS</listitem>
      <listitem>UNITS</listitem>
      <listitem>VALUES</listitem>
      <listitem>USED</listitem>
    </itemizedlist></para>
    <para>The analysis is then empty. Use functions <link linkend="btkAppendAnalysisParameter">btkAppendAnalysisParameter</link> and <link linkend="btkRemoveAnalysisParameter">btkRemoveAnalysisParameter</link> to set analysis' parameters.</para>
    <para>The format of the outputs <literal>points</literal> and <literal>pointsInfo</literal> are structures presented in details in the function <link linkend="btkGetPoints">btkGetPoints</link>.</para>
    <para>The acquisition is represented by the handle <literal>h</literal>. This handle is obtained  by the use of a btk* function.</para>
  </refsection>
  <refsection>
    <title>Examples</title>
    <programlisting role="example">btkClearAnalysis(h)</programlisting>
  </refsection>
  <refsection>
    <title>See Also</title>
    <simplelist type="inline">
      <member>
        <link linkend="btkAppendAnalysisParameter">btkAppendAnalysisParameter</link>
      </member>
      <member>
        <link linkend="btkGetAnalysis">btkGetAnalysis</link>
      </member>
      <member>
        <link linkend="btkRemoveAnalysisParameter">btkRemoveAnalysisParameter</link>
      </member>
    </simplelist>
  </refsection>
</refentry>
