<?xml version="1.0" encoding="UTF-8"?>
<refentry version="5.0-subset Scilab" xml:id="btkCloneAcquisition" xml:lang="en"
          xmlns="http://docbook.org/ns/docbook"
          xmlns:xlink="http://www.w3.org/1999/xlink"
          xmlns:svg="http://www.w3.org/2000/svg"
          xmlns:ns3="http://www.w3.org/1999/xhtml"
          xmlns:mml="http://www.w3.org/1998/Math/MathML"
          xmlns:db="http://docbook.org/ns/docbook">
  <info>
    <pubdate>$LastChangedDate$</pubdate>
  </info>
  <refnamediv>
    <refname>btkCloneAcquisition</refname>
    <refpurpose>Copy the acquisition</refpurpose>
  </refnamediv>
  <refsynopsisdiv>
    <title>Calling Sequence</title>
    <synopsis>hc = btkCloneAcquisition(ho)</synopsis>
  </refsynopsisdiv>
  <refsection>
    <title>Parameters</title>
    <variablelist>
      <varlistentry>
        <term>ho</term>
        <listitem><para>The handle used to represent the original acquisition.</para></listitem>
      </varlistentry>
      <varlistentry>
        <term>hc</term>
        <listitem><para>The handle used to represent the cloned acquisition.</para></listitem>
      </varlistentry>
    </variablelist>
  </refsection>
  <refsection>
    <title>Description</title>
    <para>Deep copy of the givenacquisition</para>
  </refsection>
  <refsection>
    <title>Examples</title>
    <programlisting role="example">hc = btkCloneAcquisition(ho)</programlisting>
  </refsection>
</refentry>
