<?xml version="1.0" encoding="UTF-8"?>
<refentry version="5.0-subset Scilab" xml:id="btkGetForcePlatforms" xml:lang="en"
          xmlns="http://docbook.org/ns/docbook"
          xmlns:xlink="http://www.w3.org/1999/xlink"
          xmlns:svg="http://www.w3.org/2000/svg"
          xmlns:ns3="http://www.w3.org/1999/xhtml"
          xmlns:mml="http://www.w3.org/1998/Math/MathML"
          xmlns:db="http://docbook.org/ns/docbook">
  <info>
    <pubdate>$LastChangedDate$</pubdate>
  </info>
  <refnamediv>
    <refname>btkGetForcePlatforms</refname>
    <refpurpose>Extract force platforms' informations  from a biomechanical acquisition</refpurpose>
  </refnamediv>
  <refsynopsisdiv>
    <title>Calling Sequence</title>
    <synopsis>forceplates = btkGetForcePlatforms(h)
[forceplates forceplatesInfo] = btkGetForcePlatforms(h)</synopsis>
  </refsynopsisdiv>
  <refsection>
    <title>Parameters</title>
    <variablelist>
      <varlistentry>
        <term>h</term>
        <listitem><para>The handle used to represent an acquisition.</para></listitem>
      </varlistentry>
    </variablelist>
  </refsection>
  <refsection>
    <title>Description</title>
    <para>Return a structure of force platforms. </para>
    <para>The output argument <literal>forceplates</literal> is a row structure where each row contains data for one force platform. Fieldnames for each row are:
    <itemizedlist>
      <listitem><literal>channels</literal>: is also a structure with fields corresponding to analog  channels. Their fieldname's label is the label of the analog channel ;</listitem>
      <listitem><literal>corners</literal>: is a matrix (3,4) of double with the 3D coordinates of the four corners of the force platform (expressed in the global frame) ;</listitem>
      <listitem><literal>origin</literal>: is a matrix (3,1) of double with the 3D coordinates of the origin the force platform (expressed in the global frame) ;</listitem>
      <listitem><literal>type</literal>: is an integer which indicate the force platform type. For  much information on this type, see the C3D documentation (www.c3d.org).</listitem>
    </itemizedlist>
    </para>
    <para>The output argument <literal>forceplatesInfo</literal>is a row structure containing force platform's channel' informations. This structure has the following field is composed of the following fieldname:
    <itemizedlist>
      <listitem><literal>frequency</literal>: contains the force platform's channel' frequency ;</listitem>
      <listitem><literal>units</literal>: contains the unit of each analog channel.</listitem>
      <listitem><literal>cal_matrix</literal>: matrix which is used to correct the cross talk between channel. This matrix is only used with supported force platform type.</listitem>
    </itemizedlist>
    </para>
    <para>The acquisition is represented by the handle <literal>h</literal>. This handle is obtained  by the use of a btk* function.</para>
  </refsection>
  <refsection>
    <title>Examples</title>
    <programlisting role="example">forceplates = btkGetForcePlatforms(h)</programlisting>
  </refsection>
</refentry>
