<?xml version="1.0" encoding="UTF-8"?>
<refentry version="5.0-subset Scilab" xml:id="btkGetEventsValues" xml:lang="en"
          xmlns="http://docbook.org/ns/docbook"
          xmlns:xlink="http://www.w3.org/1999/xlink"
          xmlns:svg="http://www.w3.org/2000/svg"
          xmlns:ns3="http://www.w3.org/1999/xhtml"
          xmlns:mml="http://www.w3.org/1998/Math/MathML"
          xmlns:db="http://docbook.org/ns/docbook">
  <info>
    <pubdate>$LastChangedDate$</pubdate>
  </info>
  <refnamediv>
    <refname>btkGetEventsValues</refname>
    <refpurpose>Extract events' values from a biomechanical acquisition</refpurpose>
  </refnamediv>
  <refsynopsisdiv>
    <title>Calling Sequence</title>
    <synopsis>times = btkGetEventsValues(h)
[times, labels] = btkGetEventsValues(h)
[times, labels, descriptions] = btkGetEventsValues(h)
[times, labels, descriptions, ids] = btkGetEventsValues(h)</synopsis>
  </refsynopsisdiv>
  <refsection>
    <title>Parameters</title>
    <variablelist>
      <varlistentry>
        <term>h</term>
        <listitem><para>The handle used to represent an acquisition.</para></listitem>
      </varlistentry>
    </variablelist>
  </refsection>
  <refsection>
    <title>Description</title>
    <para>Returns matrices containing the <literal>n</literal> events stored in the acquisition. The output arguments contain the following information:
<itemizedlist>
<listitem><literal>times</literal>: A vector of reals</listitem>
<listitem><literal>labels</literal>: An array of cells</listitem>
<listitem><literal>descriptions</literal>: An array of cells</listitem>
<listitem><literal>ids</literal>: A vector of integers</listitem>
</itemizedlist></para>
    <para>The acquisition is represented by the handle <literal>h</literal>. This handle is obtained  by the use of a btk* function.</para>
  </refsection>
  <refsection>
    <title>Examples</title>
    <programlisting role="example">times = btkGetEventsValues(h)</programlisting>
  </refsection>
  <refsection>
    <title>See Also</title>
    <simplelist type="inline">
      <member>
        <link linkend="btkAppendEvent">btkAppendEvent</link>
      </member>
      <member>
        <link linkend="btkGetEvents">btkGetEvents</link>
      </member>
    </simplelist>
  </refsection>
</refentry>
