<?xml version="1.0" encoding="UTF-8"?>
<refentry version="5.0-subset Scilab" xml:id="btkGetAnalysis" xml:lang="en"
          xmlns="http://docbook.org/ns/docbook"
          xmlns:xlink="http://www.w3.org/1999/xlink"
          xmlns:svg="http://www.w3.org/2000/svg"
          xmlns:ns3="http://www.w3.org/1999/xhtml"
          xmlns:mml="http://www.w3.org/1998/Math/MathML"
          xmlns:db="http://docbook.org/ns/docbook">
  <info>
    <pubdate>$LastChangedDate$</pubdate>
  </info>
  <refnamediv>
    <refname>btkGetAnalysis</refname>
    <refpurpose>Extract analysis from a biomechanical acquisition</refpurpose>
  </refnamediv>
  <refsynopsisdiv>
    <title>Calling Sequence</title>
    <synopsis>[analysis, analysisInfo] = btkGetAnalysis(h)</synopsis>
  </refsynopsisdiv>
  <refsection>
    <title>Parameters</title>
    <variablelist>
      <varlistentry>
        <term>h</term>
        <listitem><para>The handle used to represent an acquisition.</para></listitem>
      </varlistentry>
    </variablelist>
  </refsection>
  <refsection>
    <title>Description</title>
    <para>Return a structure of parameters related to the metadata <literal>analysis</literal> in the acquisition represented by the handle <literal>h</literal>. Each fieldname in the output <literal>analysis</literal> corresponds to a parameter's label. The second output argument <literal>analysisInfo</literal> is a structure with the following fields:
    <itemizedlist>
      <listitem><literal>subjects</literal>: contains the name of the subject related to each parameter ;</listitem>
      <listitem><literal>units</literal>: contains the unit of each parameter.</listitem>
    </itemizedlist>
    </para>
    <para>The acquisition is represented by the handle <literal>h</literal>. This handle is obtained  by the use of a btk* function.</para>
  </refsection>
  <refsection>
    <title>Examples</title>
    <programlisting role="example">[analysis, analysisInfo] = btkGetAnalysis(h)</programlisting>
  </refsection>
  <refsection>
    <title>See Also</title>
    <simplelist type="inline">
      <member>
        <link linkend="btkAppendAnalysisParameter">btkAppendAnalysisParameter</link>
      </member>
      <member>
        <link linkend="btkClearAnalysis">btkClearAnalysis</link>
      </member>
      <member>
        <link linkend="btkRemoveAnalysisParameter">btkRemoveAnalysisParameter</link>
      </member>
    </simplelist>
  </refsection>
</refentry>
