<?xml version="1.0" encoding="UTF-8"?>
<refentry version="5.0-subset Scilab" xml:id="btkGetMarkers" xml:lang="en"
          xmlns="http://docbook.org/ns/docbook"
          xmlns:xlink="http://www.w3.org/1999/xlink"
          xmlns:svg="http://www.w3.org/2000/svg"
          xmlns:ns3="http://www.w3.org/1999/xhtml"
          xmlns:mml="http://www.w3.org/1998/Math/MathML"
          xmlns:db="http://docbook.org/ns/docbook">
  <info>
    <pubdate>$LastChangedDate$</pubdate>
  </info>
  <refnamediv>
    <refname>btkGetMarkers</refname>
    <refpurpose>Extract markers from a biomechanical acquisition</refpurpose>
  </refnamediv>
  <refsynopsisdiv>
    <title>Calling Sequence</title>
    <synopsis>btkGetMarkers(h)
markers = btkGetMarkers(h)
[markers, markersInfo] = btkGetMarkers(h)</synopsis>
  </refsynopsisdiv>
  <refsection>
    <title>Parameters</title>
    <variablelist>
      <varlistentry>
        <term>h</term>
        <listitem><para>The handle used to represent an acquisition.</para></listitem>
      </varlistentry>
    </variablelist>
  </refsection>
  <refsection>
    <title>Description</title>
    <para>Return a structure of markers.</para>
    <para>Each fieldname in the output argument <literal>markers</literal> corresponds to a marker's label.</para>
    <para>The output argument <literal>markersInfo</literal> is composed of the following fieldname:
    <itemizedlist>
      <listitem><literal>frequency</literal>: markers' frequency ;</listitem>
      <listitem><literal>units</literal>: unit of each marker.</listitem>
    </itemizedlist>
    </para>
    <para>The acquisition is represented by the handle <literal>h</literal>. This handle is obtained  by the use of a btk* function.</para>
  </refsection>
  <refsection>
    <title>Examples</title>
    <programlisting role="example">[markers, markersInfo] = btkGetMarkers(h)</programlisting>
  </refsection>
  <refsection>
    <title>See Also</title>
    <simplelist type="inline">
      <member>
        <link linkend="btkGetAnalogs">btkGetAnalogs</link>
      </member>
      <member>
        <link linkend="btkGetAngles">btkGetAngles</link>
      </member>
      <member>
        <link linkend="btkGetForces">btkGetForces</link>
      </member>
      <member>
        <link linkend="btkGetMoments">btkGetMoments</link>
      </member>
      <member>
        <link linkend="btkGetPoints">btkGetPoints</link>
      </member>
      <member>
        <link linkend="btkGetPowers">btkGetPowers</link>
      </member>
      <member>
        <link linkend="btkGetScalars">btkGetScalars</link>
      </member>
    </simplelist>
  </refsection>
</refentry>
