<?xml version="1.0" encoding="UTF-8"?>
<refentry version="5.0-subset Scilab" xml:id="btkSetPointType" xml:lang="en"
          xmlns="http://docbook.org/ns/docbook"
          xmlns:xlink="http://www.w3.org/1999/xlink"
          xmlns:svg="http://www.w3.org/2000/svg"
          xmlns:ns3="http://www.w3.org/1999/xhtml"
          xmlns:mml="http://www.w3.org/1998/Math/MathML"
          xmlns:db="http://docbook.org/ns/docbook">
  <info>
    <pubdate>$LastChangedDate$</pubdate>
  </info>
  <refnamediv>
    <refname>btkSetPointType</refname>
    <refpurpose>Modify the type of the selected point</refpurpose>
  </refnamediv>
  <refsynopsisdiv>
    <title>Calling Sequence</title>
    <synopsis>btkSetPointType(h, index, type)
points = btkSetPointType(h, index, type)
[points, pointsInfo] = btkSetPointType(h, index, type)
btkSetPointType(h, label, type)
points = btkSetPointType(h, label, type)
[points, pointsInfo] = btkSetPointType(h, label, type)</synopsis>
  </refsynopsisdiv>
  <refsection>
    <title>Parameters</title>
    <variablelist>
      <varlistentry>
        <term>h</term>
        <listitem><para>The handle used to represent an acquisition.</para></listitem>
      </varlistentry>
      <varlistentry>
        <term>index</term>
        <listitem><para>The index of the point (start from the value 1).</para></listitem>
      </varlistentry>
      <varlistentry>
        <term>label</term>
        <listitem><para>A non empty string to represent the label of the point.</para></listitem>
      </varlistentry>
      <varlistentry>
        <term>type</term>
        <listitem><para>A non empty string to represent the new type of the selected point.</para>
                  <para>Must be a string corresponding to one of the following type:
                  <itemizedlist>
                    <listitem>Marker</listitem>
                    <listitem>Angle</listitem>
                    <listitem>Force</listitem>
                    <listitem>Moment</listitem>
                    <listitem>Power</listitem>
                    <listitem>Scalar</listitem>
                    <listitem>Reaction</listitem>
                  </itemizedlist></para>
        </listitem>
      </varlistentry>
    </variablelist>
  </refsection>
  <refsection>
    <title>Type</title>
    <para>Modify the type of the selected point.</para>
    <para>The format of the outputs <literal>points</literal> and <literal>pointsInfo</literal> are structures presented in details in the function <link linkend="btkGetPoints">btkGetPoints</link>.</para>
    <para>The acquisition is represented by the handle <literal>h</literal>. This handle is obtained  by the use of a btk* function.</para>
  </refsection>
  <refsection>
    <title>Examples</title>
    <programlisting role="example">btkSetPointType(h, 'RKneeAngle', 'Angle')</programlisting>
  </refsection>
  <refsection>
    <title>See Also</title>
    <simplelist type="inline">
      <member>
        <link linkend="btkSetPointDescription">btkSetPointDescription</link>
      </member>
      <member>
        <link linkend="btkSetPointType">btkSetPointLabel</link>
      </member>
    </simplelist>
  </refsection>
</refentry>
