<?xml version="1.0" encoding="UTF-8"?>
<refentry version="5.0-subset Scilab" xml:id="btkSetEventId" xml:lang="en"
          xmlns="http://docbook.org/ns/docbook"
          xmlns:xlink="http://www.w3.org/1999/xlink"
          xmlns:svg="http://www.w3.org/2000/svg"
          xmlns:ns3="http://www.w3.org/1999/xhtml"
          xmlns:mml="http://www.w3.org/1998/Math/MathML"
          xmlns:db="http://docbook.org/ns/docbook">
  <info>
    <pubdate>$LastChangedDate$</pubdate>
  </info>
  <refnamediv>
    <refname>btkSetEventId</refname>
    <refpurpose>Modify the id of events having the given label</refpurpose>
  </refnamediv>
  <refsynopsisdiv>
    <title>Calling Sequence</title>
    <synopsis>btkSetEventId(h, label, id)
events = btkSetEventId(h, label, id)
[events, eventsInfo] = btkSetEventId(h, label, id)</synopsis>
  </refsynopsisdiv>
  <refsection>
    <title>Parameters</title>
    <variablelist>
      <varlistentry>
        <term>h</term>
        <listitem><para>The handle used to represent an acquisition.</para></listitem>
      </varlistentry>
      <varlistentry>
        <term>label</term>
        <listitem><para>A non empty string to represent the label of event.</para></listitem>
      </varlistentry>
      <varlistentry>
        <term>id</term>
        <listitem><para>A single integer value.</para></listitem>
      </varlistentry>
    </variablelist>
  </refsection>
  <refsection>
    <title>Description</title>
    <para>Even if there is no rule for the id value, these 3 next values are used in Vicon Workstation and Nexus to distinguish events' type. The value 0 is for general event. Value 1 corresponds to the foot strike event and value 2 for the foot off.  Without the use of these values, it is  known that Workstation and Nexus put all events in general (default value is 0).</para>
    <para>The format of the outputs <literal>events</literal> and <literal>eventsInfo</literal> are structures presented in details in the function <link linkend="btkGetEvents">btkGetEvents</link>.</para>
    <para>The acquisition is represented by the handle <literal>h</literal>. This handle is obtained  by the use of a btk* function.</para>
  </refsection>
  <refsection>
    <title>Examples</title>
    <programlisting role="example">btkSetEventId(h, 'ToeOff', 2)</programlisting>
  </refsection>
  <refsection>
    <title>See Also</title>
    <simplelist type="inline">
      <member>
        <link linkend="btkSetEventDescription">btkSetEventDescription</link>
      </member>
      <member>
        <link linkend="btkSetEventTime">btkSetEventTime</link>
      </member>
    </simplelist>
  </refsection>
</refentry>
