<?xml version="1.0" encoding="UTF-8"?>
<refentry version="5.0-subset Scilab" xml:id="btkSetEventTime" xml:lang="en"
          xmlns="http://docbook.org/ns/docbook"
          xmlns:xlink="http://www.w3.org/1999/xlink"
          xmlns:svg="http://www.w3.org/2000/svg"
          xmlns:ns3="http://www.w3.org/1999/xhtml"
          xmlns:mml="http://www.w3.org/1998/Math/MathML"
          xmlns:db="http://docbook.org/ns/docbook">
  <info>
    <pubdate>$LastChangedDate$</pubdate>
  </info>
  <refnamediv>
    <refname>btkSetEventTime</refname>
    <refpurpose>Modify the time of the selected event</refpurpose>
  </refnamediv>
  <refsynopsisdiv>
    <title>Calling Sequence</title>
    <synopsis>btkSetEventTime(h, index, newtime)
events = btkSetEventTime(h, index, newtime)
[events, eventsInfo] = btkSetEventTime(h, index, newtime)</synopsis>
  </refsynopsisdiv>
  <refsection>
    <title>Parameters</title>
    <variablelist>
      <varlistentry>
        <term>h</term>
        <listitem><para>The handle used to represent an acquisition.</para></listitem>
      </varlistentry>
      <varlistentry>
        <term>index</term>
        <listitem><para>A single integer value.</para></listitem>
      </varlistentry>
      <varlistentry>
        <term>newtime</term>
        <listitem><para>A single real value.</para></listitem>
      </varlistentry>
    </variablelist>
  </refsection>
  <refsection>
    <title>Description</title>
    <para>Modify event's time by <literal>newtime</literal>.</para>
    <para>The format of the outputs <literal>events</literal> and <literal>eventsInfo</literal> are structures presented in details in the function <link linkend="btkGetEvents">btkGetEvents</link>.</para>
    <para>The acquisition is represented by the handle <literal>h</literal>. This handle is obtained  by the use of a btk* function.</para>
  </refsection>
  <refsection>
    <title>Examples</title>
    <programlisting role="example">btkSetEventTime(h, 5, 1.3333)</programlisting>
  </refsection>
  <refsection>
    <title>See Also</title>
    <simplelist type="inline">
      <member>
        <link linkend="btkSetEventId">btkSetEventId</link>
      </member>
      <member>
        <link linkend="btkSetEventDescription">btkSetEventDescription</link>
      </member>
    </simplelist>
  </refsection>
</refentry>
